<?xml version="1.0" encoding="UTF-8" ?>
<XMLDB PATH="local/hellohook/db" VERSION="20250607" COMMENT="XMLDB file for Moodle local/hellohook"
    xmlns:xsi="http://www.w3.org/2001/XMLSchema-instance"
    xsi:noNamespaceSchemaLocation="../../../lib/xmldb/xmldb.xsd"
>
  <TABLES>
    <TABLE NAME="local_hellohook_votes" COMMENT="Default comment for local_hellohook, please edit me">
      <FIELDS>
        <FIELD NAME="id" TYPE="int" LENGTH="10" NOTNULL="true" SEQUENCE="true"/>
        <FIELD NAME="userid" TYPE="int" LENGTH="10" NOTNULL="true" SEQUENCE="false" COMMENT="who liked"/>
        <FIELD NAME="pageurl" TYPE="text" NOTNULL="true" SEQUENCE="false"/>
        <FIELD NAME="vote" TYPE="char" LENGTH="10" NOTNULL="true" SEQUENCE="false"/>
        <FIELD NAME="timecreated" TYPE="int" LENGTH="10" NOTNULL="true" SEQUENCE="false"/>
      </FIELDS>
      <KEYS>
        <KEY NAME="primary" TYPE="primary" FIELDS="id"/>
      </KEYS>
    </TABLE>
  </TABLES>
</XMLDB>
